cycle,branch,model,modeldate,candidate_inc,candidate_chal,candidate_3rd,evprob_inc,evprob_chal,evprob_3rd,total_ev,timestamp,simulations
2020,President,polls-plus,9/20/2020,Trump,Biden,"",.0014,.00005,,99,12:46:03 20 Sep 2020,40000
2020,President,polls-plus,9/20/2020,Trump,Biden,"",.001475,.000025,,98,12:46:03 20 Sep 2020,40000
2020,President,polls-plus,9/20/2020,Trump,Biden,"",.002975,0,,97,12:46:03 20 Sep 2020,40000
2020,President,polls-plus,9/20/2020,Trump,Biden,"",.0017,.00005,,96,12:46:03 20 Sep 2020,40000
2020,President,polls-plus,9/20/2020,Trump,Biden,"",.000925,.000025,,95,12:46:03 20 Sep 2020,40000
2020,President,polls-plus,9/20/2020,Trump,Biden,"",.0027,0,,94,12:46:03 20 Sep 2020,40000
2020,President,polls-plus,9/20/2020,Trump,Biden,"",.00195,0,,93,12:46:03 20 Sep 2020,40000
2020,President,polls-plus,9/20/2020,Trump,Biden,"",.00235,.000025,,92,12:46:03 20 Sep 2020,40000
2020,President,polls-plus,9/20/2020,Trump,Biden,"",.001775,0,,91,12:46:03 20 Sep 2020,40000
2020,President,polls-plus,9/20/2020,Trump,Biden,"",.000925,.000025,,90,12:46:03 20 Sep 2020,40000
2020,President,polls-plus,9/20/2020,Trump,Biden,"",.00015,0,,9,12:46:03 20 Sep 2020,40000
2020,President,polls-plus,9/20/2020,Trump,Biden,"",.001425,.000025,,89,12:46:03 20 Sep 2020,40000
2020,President,polls-plus,9/20/2020,Trump,Biden,"",.001725,0,,88,12:46:03 20 Sep 2020,40000
2020,President,polls-plus,9/20/2020,Trump,Biden,"",.001075,.00005,,87,12:46:03 20 Sep 2020,40000
2020,President,polls-plus,9/20/2020,Trump,Biden,"",.00165,.00005,,86,12:46:03 20 Sep 2020,40000
2020,President,polls-plus,9/20/2020,Trump,Biden,"",.001025,0,,85,12:46:03 20 Sep 2020,40000
2020,President,polls-plus,9/20/2020,Trump,Biden,"",.00035,0,,84,12:46:03 20 Sep 2020,40000
2020,President,polls-plus,9/20/2020,Trump,Biden,"",.001825,0,,83,12:46:03 20 Sep 2020,40000
2020,President,polls-plus,9/20/2020,Trump,Biden,"",.002025,0,,82,12:46:03 20 Sep 2020,40000
2020,President,polls-plus,9/20/2020,Trump,Biden,"",.00095,0,,81,12:46:03 20 Sep 2020,40000
2020,President,polls-plus,9/20/2020,Trump,Biden,"",.001025,.000025,,80,12:46:03 20 Sep 2020,40000
2020,President,polls-plus,9/20/2020,Trump,Biden,"",.000075,0,,8,12:46:03 20 Sep 2020,40000
2020,President,polls-plus,9/20/2020,Trump,Biden,"",.00065,.00005,,79,12:46:03 20 Sep 2020,40000
2020,President,polls-plus,9/20/2020,Trump,Biden,"",.0005,0,,78,12:46:03 20 Sep 2020,40000
2020,President,polls-plus,9/20/2020,Trump,Biden,"",.001375,0,,77,12:46:03 20 Sep 2020,40000
2020,President,polls-plus,9/20/2020,Trump,Biden,"",.001525,0,,76,12:46:03 20 Sep 2020,40000
2020,President,polls-plus,9/20/2020,Trump,Biden,"",.000675,0,,75,12:46:03 20 Sep 2020,40000
2020,President,polls-plus,9/20/2020,Trump,Biden,"",.00145,0,,74,12:46:03 20 Sep 2020,40000
2020,President,polls-plus,9/20/2020,Trump,Biden,"",.00075,0,,73,12:46:03 20 Sep 2020,40000
2020,President,polls-plus,9/20/2020,Trump,Biden,"",.0011,0,,72,12:46:03 20 Sep 2020,40000
2020,President,polls-plus,9/20/2020,Trump,Biden,"",.00095,0,,71,12:46:03 20 Sep 2020,40000
2020,President,polls-plus,9/20/2020,Trump,Biden,"",.000725,0,,70,12:46:03 20 Sep 2020,40000
2020,President,polls-plus,9/20/2020,Trump,Biden,"",.000075,0,,7,12:46:03 20 Sep 2020,40000
2020,President,polls-plus,9/20/2020,Trump,Biden,"",.00105,.000025,,69,12:46:03 20 Sep 2020,40000
2020,President,polls-plus,9/20/2020,Trump,Biden,"",.0009,0,,68,12:46:03 20 Sep 2020,40000
2020,President,polls-plus,9/20/2020,Trump,Biden,"",.0006,0,,67,12:46:03 20 Sep 2020,40000
2020,President,polls-plus,9/20/2020,Trump,Biden,"",.000825,0,,66,12:46:03 20 Sep 2020,40000
2020,President,polls-plus,9/20/2020,Trump,Biden,"",.0007,.000025,,65,12:46:03 20 Sep 2020,40000
2020,President,polls-plus,9/20/2020,Trump,Biden,"",.000475,0,,64,12:46:03 20 Sep 2020,40000
2020,President,polls-plus,9/20/2020,Trump,Biden,"",.001225,0,,63,12:46:03 20 Sep 2020,40000
2020,President,polls-plus,9/20/2020,Trump,Biden,"",.0009,0,,62,12:46:03 20 Sep 2020,40000
2020,President,polls-plus,9/20/2020,Trump,Biden,"",.00065,0,,61,12:46:03 20 Sep 2020,40000
2020,President,polls-plus,9/20/2020,Trump,Biden,"",.000825,0,,60,12:46:03 20 Sep 2020,40000
2020,President,polls-plus,9/20/2020,Trump,Biden,"",.000025,0,,6,12:46:03 20 Sep 2020,40000
2020,President,polls-plus,9/20/2020,Trump,Biden,"",.00075,0,,59,12:46:03 20 Sep 2020,40000
2020,President,polls-plus,9/20/2020,Trump,Biden,"",.000525,0,,58,12:46:03 20 Sep 2020,40000
2020,President,polls-plus,9/20/2020,Trump,Biden,"",.000675,0,,57,12:46:03 20 Sep 2020,40000
2020,President,polls-plus,9/20/2020,Trump,Biden,"",.00055,0,,56,12:46:03 20 Sep 2020,40000
2020,President,polls-plus,9/20/2020,Trump,Biden,"",.000725,0,,55,12:46:03 20 Sep 2020,40000
2020,President,polls-plus,9/20/2020,Trump,Biden,"",.0007,0,,54,12:46:03 20 Sep 2020,40000
2020,President,polls-plus,9/20/2020,Trump,Biden,"",0,.000075,,538,12:46:03 20 Sep 2020,40000
2020,President,polls-plus,9/20/2020,Trump,Biden,"",0,.000275,,537,12:46:03 20 Sep 2020,40000
2020,President,polls-plus,9/20/2020,Trump,Biden,"",0,0,,536,12:46:03 20 Sep 2020,40000
2020,President,polls-plus,9/20/2020,Trump,Biden,"",0,.000025,,535,12:46:03 20 Sep 2020,40000
2020,President,polls-plus,9/20/2020,Trump,Biden,"",0,.0004,,534,12:46:03 20 Sep 2020,40000
2020,President,polls-plus,9/20/2020,Trump,Biden,"",0,.000075,,533,12:46:03 20 Sep 2020,40000
2020,President,polls-plus,9/20/2020,Trump,Biden,"",0,.000025,,532,12:46:03 20 Sep 2020,40000
2020,President,polls-plus,9/20/2020,Trump,Biden,"",0,.000075,,531,12:46:03 20 Sep 2020,40000
2020,President,polls-plus,9/20/2020,Trump,Biden,"",0,.000075,,530,12:46:03 20 Sep 2020,40000
2020,President,polls-plus,9/20/2020,Trump,Biden,"",.000225,.000025,,53,12:46:03 20 Sep 2020,40000
2020,President,polls-plus,9/20/2020,Trump,Biden,"",0,.00015,,529,12:46:03 20 Sep 2020,40000
2020,President,polls-plus,9/20/2020,Trump,Biden,"",0,.000075,,528,12:46:03 20 Sep 2020,40000
2020,President,polls-plus,9/20/2020,Trump,Biden,"",0,.000125,,527,12:46:03 20 Sep 2020,40000
2020,President,polls-plus,9/20/2020,Trump,Biden,"",0,.00005,,526,12:46:03 20 Sep 2020,40000
2020,President,polls-plus,9/20/2020,Trump,Biden,"",0,.0001,,525,12:46:03 20 Sep 2020,40000
2020,President,polls-plus,9/20/2020,Trump,Biden,"",0,.00015,,524,12:46:03 20 Sep 2020,40000
2020,President,polls-plus,9/20/2020,Trump,Biden,"",0,.0001,,523,12:46:03 20 Sep 2020,40000
2020,President,polls-plus,9/20/2020,Trump,Biden,"",0,.00025,,522,12:46:03 20 Sep 2020,40000
2020,President,polls-plus,9/20/2020,Trump,Biden,"",0,.000225,,521,12:46:03 20 Sep 2020,40000
2020,President,polls-plus,9/20/2020,Trump,Biden,"",.000025,.00005,,520,12:46:03 20 Sep 2020,40000
2020,President,polls-plus,9/20/2020,Trump,Biden,"",.000775,0,,52,12:46:03 20 Sep 2020,40000
2020,President,polls-plus,9/20/2020,Trump,Biden,"",0,.0001,,519,12:46:03 20 Sep 2020,40000
2020,President,polls-plus,9/20/2020,Trump,Biden,"",0,.0003,,518,12:46:03 20 Sep 2020,40000
2020,President,polls-plus,9/20/2020,Trump,Biden,"",0,.000075,,517,12:46:03 20 Sep 2020,40000
2020,President,polls-plus,9/20/2020,Trump,Biden,"",0,.000325,,516,12:46:03 20 Sep 2020,40000
2020,President,polls-plus,9/20/2020,Trump,Biden,"",0,.000175,,515,12:46:03 20 Sep 2020,40000
2020,President,polls-plus,9/20/2020,Trump,Biden,"",0,.000175,,514,12:46:03 20 Sep 2020,40000
2020,President,polls-plus,9/20/2020,Trump,Biden,"",0,.000225,,513,12:46:03 20 Sep 2020,40000
2020,President,polls-plus,9/20/2020,Trump,Biden,"",0,.000275,,512,12:46:03 20 Sep 2020,40000
2020,President,polls-plus,9/20/2020,Trump,Biden,"",0,.00015,,511,12:46:03 20 Sep 2020,40000
2020,President,polls-plus,9/20/2020,Trump,Biden,"",0,.000175,,510,12:46:03 20 Sep 2020,40000
2020,President,polls-plus,9/20/2020,Trump,Biden,"",.00105,0,,51,12:46:03 20 Sep 2020,40000
2020,President,polls-plus,9/20/2020,Trump,Biden,"",0,.0002,,509,12:46:03 20 Sep 2020,40000
2020,President,polls-plus,9/20/2020,Trump,Biden,"",0,.0002,,508,12:46:03 20 Sep 2020,40000
2020,President,polls-plus,9/20/2020,Trump,Biden,"",.000025,.00025,,507,12:46:03 20 Sep 2020,40000
2020,President,polls-plus,9/20/2020,Trump,Biden,"",0,.0005,,506,12:46:03 20 Sep 2020,40000
2020,President,polls-plus,9/20/2020,Trump,Biden,"",0,.00015,,505,12:46:03 20 Sep 2020,40000
2020,President,polls-plus,9/20/2020,Trump,Biden,"",0,.00045,,504,12:46:03 20 Sep 2020,40000
2020,President,polls-plus,9/20/2020,Trump,Biden,"",0,.00045,,503,12:46:03 20 Sep 2020,40000
2020,President,polls-plus,9/20/2020,Trump,Biden,"",0,.00015,,502,12:46:03 20 Sep 2020,40000
2020,President,polls-plus,9/20/2020,Trump,Biden,"",0,.000325,,501,12:46:03 20 Sep 2020,40000
2020,President,polls-plus,9/20/2020,Trump,Biden,"",.000025,.000275,,500,12:46:03 20 Sep 2020,40000
2020,President,polls-plus,9/20/2020,Trump,Biden,"",.000275,0,,50,12:46:03 20 Sep 2020,40000
2020,President,polls-plus,9/20/2020,Trump,Biden,"",.000075,0,,5,12:46:03 20 Sep 2020,40000
2020,President,polls-plus,9/20/2020,Trump,Biden,"",0,.00045,,499,12:46:03 20 Sep 2020,40000
2020,President,polls-plus,9/20/2020,Trump,Biden,"",0,.00045,,498,12:46:03 20 Sep 2020,40000
2020,President,polls-plus,9/20/2020,Trump,Biden,"",0,.0002,,497,12:46:03 20 Sep 2020,40000
2020,President,polls-plus,9/20/2020,Trump,Biden,"",.000025,.000375,,496,12:46:03 20 Sep 2020,40000
2020,President,polls-plus,9/20/2020,Trump,Biden,"",0,.000975,,495,12:46:03 20 Sep 2020,40000
2020,President,polls-plus,9/20/2020,Trump,Biden,"",0,.000125,,494,12:46:03 20 Sep 2020,40000
2020,President,polls-plus,9/20/2020,Trump,Biden,"",.000025,.0007,,493,12:46:03 20 Sep 2020,40000
2020,President,polls-plus,9/20/2020,Trump,Biden,"",0,.000525,,492,12:46:03 20 Sep 2020,40000
2020,President,polls-plus,9/20/2020,Trump,Biden,"",.000025,.000125,,491,12:46:03 20 Sep 2020,40000
2020,President,polls-plus,9/20/2020,Trump,Biden,"",0,.0004,,490,12:46:03 20 Sep 2020,40000
2020,President,polls-plus,9/20/2020,Trump,Biden,"",.000575,0,,49,12:46:03 20 Sep 2020,40000
2020,President,polls-plus,9/20/2020,Trump,Biden,"",0,.000575,,489,12:46:03 20 Sep 2020,40000
2020,President,polls-plus,9/20/2020,Trump,Biden,"",0,.000275,,488,12:46:03 20 Sep 2020,40000
2020,President,polls-plus,9/20/2020,Trump,Biden,"",0,.00105,,487,12:46:03 20 Sep 2020,40000
2020,President,polls-plus,9/20/2020,Trump,Biden,"",0,.000775,,486,12:46:03 20 Sep 2020,40000
2020,President,polls-plus,9/20/2020,Trump,Biden,"",.000025,.000225,,485,12:46:03 20 Sep 2020,40000
2020,President,polls-plus,9/20/2020,Trump,Biden,"",0,.0007,,484,12:46:03 20 Sep 2020,40000
2020,President,polls-plus,9/20/2020,Trump,Biden,"",0,.000725,,483,12:46:03 20 Sep 2020,40000
2020,President,polls-plus,9/20/2020,Trump,Biden,"",0,.00055,,482,12:46:03 20 Sep 2020,40000
2020,President,polls-plus,9/20/2020,Trump,Biden,"",0,.000675,,481,12:46:03 20 Sep 2020,40000
2020,President,polls-plus,9/20/2020,Trump,Biden,"",0,.000525,,480,12:46:03 20 Sep 2020,40000
2020,President,polls-plus,9/20/2020,Trump,Biden,"",.0004,0,,48,12:46:03 20 Sep 2020,40000
2020,President,polls-plus,9/20/2020,Trump,Biden,"",0,.00075,,479,12:46:03 20 Sep 2020,40000
2020,President,polls-plus,9/20/2020,Trump,Biden,"",0,.000825,,478,12:46:03 20 Sep 2020,40000
2020,President,polls-plus,9/20/2020,Trump,Biden,"",0,.00065,,477,12:46:03 20 Sep 2020,40000
2020,President,polls-plus,9/20/2020,Trump,Biden,"",0,.0009,,476,12:46:03 20 Sep 2020,40000
2020,President,polls-plus,9/20/2020,Trump,Biden,"",0,.001225,,475,12:46:03 20 Sep 2020,40000
2020,President,polls-plus,9/20/2020,Trump,Biden,"",0,.000475,,474,12:46:03 20 Sep 2020,40000
2020,President,polls-plus,9/20/2020,Trump,Biden,"",.000025,.0007,,473,12:46:03 20 Sep 2020,40000
2020,President,polls-plus,9/20/2020,Trump,Biden,"",0,.000825,,472,12:46:03 20 Sep 2020,40000
2020,President,polls-plus,9/20/2020,Trump,Biden,"",0,.0006,,471,12:46:03 20 Sep 2020,40000
2020,President,polls-plus,9/20/2020,Trump,Biden,"",0,.0009,,470,12:46:03 20 Sep 2020,40000
2020,President,polls-plus,9/20/2020,Trump,Biden,"",.000125,.000025,,47,12:46:03 20 Sep 2020,40000
2020,President,polls-plus,9/20/2020,Trump,Biden,"",.000025,.00105,,469,12:46:03 20 Sep 2020,40000
2020,President,polls-plus,9/20/2020,Trump,Biden,"",0,.000725,,468,12:46:03 20 Sep 2020,40000
2020,President,polls-plus,9/20/2020,Trump,Biden,"",0,.00095,,467,12:46:03 20 Sep 2020,40000
2020,President,polls-plus,9/20/2020,Trump,Biden,"",0,.0011,,466,12:46:03 20 Sep 2020,40000
2020,President,polls-plus,9/20/2020,Trump,Biden,"",0,.00075,,465,12:46:03 20 Sep 2020,40000
2020,President,polls-plus,9/20/2020,Trump,Biden,"",0,.00145,,464,12:46:03 20 Sep 2020,40000
2020,President,polls-plus,9/20/2020,Trump,Biden,"",0,.000675,,463,12:46:03 20 Sep 2020,40000
2020,President,polls-plus,9/20/2020,Trump,Biden,"",0,.001525,,462,12:46:03 20 Sep 2020,40000
2020,President,polls-plus,9/20/2020,Trump,Biden,"",0,.001375,,461,12:46:03 20 Sep 2020,40000
2020,President,polls-plus,9/20/2020,Trump,Biden,"",0,.0005,,460,12:46:03 20 Sep 2020,40000
2020,President,polls-plus,9/20/2020,Trump,Biden,"",.000525,0,,46,12:46:03 20 Sep 2020,40000
2020,President,polls-plus,9/20/2020,Trump,Biden,"",.00005,.00065,,459,12:46:03 20 Sep 2020,40000
2020,President,polls-plus,9/20/2020,Trump,Biden,"",.000025,.001025,,458,12:46:03 20 Sep 2020,40000
2020,President,polls-plus,9/20/2020,Trump,Biden,"",0,.00095,,457,12:46:03 20 Sep 2020,40000
2020,President,polls-plus,9/20/2020,Trump,Biden,"",0,.002025,,456,12:46:03 20 Sep 2020,40000
2020,President,polls-plus,9/20/2020,Trump,Biden,"",0,.001825,,455,12:46:03 20 Sep 2020,40000
2020,President,polls-plus,9/20/2020,Trump,Biden,"",0,.00035,,454,12:46:03 20 Sep 2020,40000
2020,President,polls-plus,9/20/2020,Trump,Biden,"",0,.001025,,453,12:46:03 20 Sep 2020,40000
2020,President,polls-plus,9/20/2020,Trump,Biden,"",.00005,.00165,,452,12:46:03 20 Sep 2020,40000
2020,President,polls-plus,9/20/2020,Trump,Biden,"",.00005,.001075,,451,12:46:03 20 Sep 2020,40000
2020,President,polls-plus,9/20/2020,Trump,Biden,"",0,.001725,,450,12:46:03 20 Sep 2020,40000
2020,President,polls-plus,9/20/2020,Trump,Biden,"",.0007,.000025,,45,12:46:03 20 Sep 2020,40000
2020,President,polls-plus,9/20/2020,Trump,Biden,"",.000025,.001425,,449,12:46:03 20 Sep 2020,40000
2020,President,polls-plus,9/20/2020,Trump,Biden,"",.000025,.000925,,448,12:46:03 20 Sep 2020,40000
2020,President,polls-plus,9/20/2020,Trump,Biden,"",0,.001775,,447,12:46:03 20 Sep 2020,40000
2020,President,polls-plus,9/20/2020,Trump,Biden,"",.000025,.00235,,446,12:46:03 20 Sep 2020,40000
2020,President,polls-plus,9/20/2020,Trump,Biden,"",0,.00195,,445,12:46:03 20 Sep 2020,40000
2020,President,polls-plus,9/20/2020,Trump,Biden,"",0,.0027,,444,12:46:03 20 Sep 2020,40000
2020,President,polls-plus,9/20/2020,Trump,Biden,"",.000025,.000925,,443,12:46:03 20 Sep 2020,40000
2020,President,polls-plus,9/20/2020,Trump,Biden,"",.00005,.0017,,442,12:46:03 20 Sep 2020,40000
2020,President,polls-plus,9/20/2020,Trump,Biden,"",0,.002975,,441,12:46:03 20 Sep 2020,40000
2020,President,polls-plus,9/20/2020,Trump,Biden,"",.000025,.001475,,440,12:46:03 20 Sep 2020,40000
2020,President,polls-plus,9/20/2020,Trump,Biden,"",.000125,0,,44,12:46:03 20 Sep 2020,40000
2020,President,polls-plus,9/20/2020,Trump,Biden,"",.00005,.0014,,439,12:46:03 20 Sep 2020,40000
2020,President,polls-plus,9/20/2020,Trump,Biden,"",.000025,.00315,,438,12:46:03 20 Sep 2020,40000
2020,President,polls-plus,9/20/2020,Trump,Biden,"",0,.001425,,437,12:46:03 20 Sep 2020,40000
2020,President,polls-plus,9/20/2020,Trump,Biden,"",0,.003175,,436,12:46:03 20 Sep 2020,40000
2020,President,polls-plus,9/20/2020,Trump,Biden,"",.000025,.005225,,435,12:46:03 20 Sep 2020,40000
2020,President,polls-plus,9/20/2020,Trump,Biden,"",0,.00245,,434,12:46:03 20 Sep 2020,40000
2020,President,polls-plus,9/20/2020,Trump,Biden,"",.00005,.001125,,433,12:46:03 20 Sep 2020,40000
2020,President,polls-plus,9/20/2020,Trump,Biden,"",.00005,.003125,,432,12:46:03 20 Sep 2020,40000
2020,President,polls-plus,9/20/2020,Trump,Biden,"",.00005,.002925,,431,12:46:03 20 Sep 2020,40000
2020,President,polls-plus,9/20/2020,Trump,Biden,"",.000025,.001975,,430,12:46:03 20 Sep 2020,40000
2020,President,polls-plus,9/20/2020,Trump,Biden,"",.000975,0,,43,12:46:03 20 Sep 2020,40000
2020,President,polls-plus,9/20/2020,Trump,Biden,"",0,.003425,,429,12:46:03 20 Sep 2020,40000
2020,President,polls-plus,9/20/2020,Trump,Biden,"",0,.00425,,428,12:46:03 20 Sep 2020,40000
2020,President,polls-plus,9/20/2020,Trump,Biden,"",.000025,.0022,,427,12:46:03 20 Sep 2020,40000
2020,President,polls-plus,9/20/2020,Trump,Biden,"",.00005,.004475,,426,12:46:03 20 Sep 2020,40000
2020,President,polls-plus,9/20/2020,Trump,Biden,"",0,.005625,,425,12:46:03 20 Sep 2020,40000
2020,President,polls-plus,9/20/2020,Trump,Biden,"",.000025,.0012,,424,12:46:03 20 Sep 2020,40000
2020,President,polls-plus,9/20/2020,Trump,Biden,"",.000075,.0032,,423,12:46:03 20 Sep 2020,40000
2020,President,polls-plus,9/20/2020,Trump,Biden,"",0,.0074,,422,12:46:03 20 Sep 2020,40000
2020,President,polls-plus,9/20/2020,Trump,Biden,"",.000025,.00295,,421,12:46:03 20 Sep 2020,40000
2020,President,polls-plus,9/20/2020,Trump,Biden,"",.000025,.001475,,420,12:46:03 20 Sep 2020,40000
2020,President,polls-plus,9/20/2020,Trump,Biden,"",.000375,.000025,,42,12:46:03 20 Sep 2020,40000
2020,President,polls-plus,9/20/2020,Trump,Biden,"",.000075,.008675,,419,12:46:03 20 Sep 2020,40000
2020,President,polls-plus,9/20/2020,Trump,Biden,"",0,.00175,,418,12:46:03 20 Sep 2020,40000
2020,President,polls-plus,9/20/2020,Trump,Biden,"",0,.001925,,417,12:46:03 20 Sep 2020,40000
2020,President,polls-plus,9/20/2020,Trump,Biden,"",.00005,.016075,,416,12:46:03 20 Sep 2020,40000
2020,President,polls-plus,9/20/2020,Trump,Biden,"",.000025,.002925,,415,12:46:03 20 Sep 2020,40000
2020,President,polls-plus,9/20/2020,Trump,Biden,"",.000025,.00175,,414,12:46:03 20 Sep 2020,40000
2020,President,polls-plus,9/20/2020,Trump,Biden,"",.000075,.028625,,413,12:46:03 20 Sep 2020,40000
2020,President,polls-plus,9/20/2020,Trump,Biden,"",.00005,.00855,,412,12:46:03 20 Sep 2020,40000
2020,President,polls-plus,9/20/2020,Trump,Biden,"",.000075,.00115,,411,12:46:03 20 Sep 2020,40000
2020,President,polls-plus,9/20/2020,Trump,Biden,"",.000075,.00285,,410,12:46:03 20 Sep 2020,40000
2020,President,polls-plus,9/20/2020,Trump,Biden,"",.0002,0,,41,12:46:03 20 Sep 2020,40000
2020,President,polls-plus,9/20/2020,Trump,Biden,"",0,.0027,,409,12:46:03 20 Sep 2020,40000
2020,President,polls-plus,9/20/2020,Trump,Biden,"",.000075,.00085,,408,12:46:03 20 Sep 2020,40000
2020,President,polls-plus,9/20/2020,Trump,Biden,"",.0001,.007525,,407,12:46:03 20 Sep 2020,40000
2020,President,polls-plus,9/20/2020,Trump,Biden,"",0,.007375,,406,12:46:03 20 Sep 2020,40000
2020,President,polls-plus,9/20/2020,Trump,Biden,"",0,.0011,,405,12:46:03 20 Sep 2020,40000
2020,President,polls-plus,9/20/2020,Trump,Biden,"",.000075,.001325,,404,12:46:03 20 Sep 2020,40000
2020,President,polls-plus,9/20/2020,Trump,Biden,"",.0002,.003575,,403,12:46:03 20 Sep 2020,40000
2020,President,polls-plus,9/20/2020,Trump,Biden,"",.00005,.001475,,402,12:46:03 20 Sep 2020,40000
2020,President,polls-plus,9/20/2020,Trump,Biden,"",.00005,.00155,,401,12:46:03 20 Sep 2020,40000
2020,President,polls-plus,9/20/2020,Trump,Biden,"",.000075,.005325,,400,12:46:03 20 Sep 2020,40000
2020,President,polls-plus,9/20/2020,Trump,Biden,"",.00045,0,,40,12:46:03 20 Sep 2020,40000
2020,President,polls-plus,9/20/2020,Trump,Biden,"",.0004,0,,4,12:46:03 20 Sep 2020,40000
2020,President,polls-plus,9/20/2020,Trump,Biden,"",.00005,.001275,,399,12:46:03 20 Sep 2020,40000
2020,President,polls-plus,9/20/2020,Trump,Biden,"",.000125,.001625,,398,12:46:03 20 Sep 2020,40000
2020,President,polls-plus,9/20/2020,Trump,Biden,"",.0001,.009775,,397,12:46:03 20 Sep 2020,40000
2020,President,polls-plus,9/20/2020,Trump,Biden,"",.00005,.00275,,396,12:46:03 20 Sep 2020,40000
2020,President,polls-plus,9/20/2020,Trump,Biden,"",.000075,.001625,,395,12:46:03 20 Sep 2020,40000
2020,President,polls-plus,9/20/2020,Trump,Biden,"",.0001,.003075,,394,12:46:03 20 Sep 2020,40000
2020,President,polls-plus,9/20/2020,Trump,Biden,"",.00005,.00135,,393,12:46:03 20 Sep 2020,40000
2020,President,polls-plus,9/20/2020,Trump,Biden,"",.00005,.0014,,392,12:46:03 20 Sep 2020,40000
2020,President,polls-plus,9/20/2020,Trump,Biden,"",.00015,.00565,,391,12:46:03 20 Sep 2020,40000
2020,President,polls-plus,9/20/2020,Trump,Biden,"",.00005,.004325,,390,12:46:03 20 Sep 2020,40000
2020,President,polls-plus,9/20/2020,Trump,Biden,"",.00045,0,,39,12:46:03 20 Sep 2020,40000
2020,President,polls-plus,9/20/2020,Trump,Biden,"",.000075,.002625,,389,12:46:03 20 Sep 2020,40000
2020,President,polls-plus,9/20/2020,Trump,Biden,"",.00035,.005425,,388,12:46:03 20 Sep 2020,40000
2020,President,polls-plus,9/20/2020,Trump,Biden,"",.000125,.00235,,387,12:46:03 20 Sep 2020,40000
2020,President,polls-plus,9/20/2020,Trump,Biden,"",.0001,.0011,,386,12:46:03 20 Sep 2020,40000
2020,President,polls-plus,9/20/2020,Trump,Biden,"",.00005,.001175,,385,12:46:03 20 Sep 2020,40000
2020,President,polls-plus,9/20/2020,Trump,Biden,"",.000425,.002575,,384,12:46:03 20 Sep 2020,40000
2020,President,polls-plus,9/20/2020,Trump,Biden,"",.0005,.0011,,383,12:46:03 20 Sep 2020,40000
2020,President,polls-plus,9/20/2020,Trump,Biden,"",.00015,.00205,,382,12:46:03 20 Sep 2020,40000
2020,President,polls-plus,9/20/2020,Trump,Biden,"",.000225,.003675,,381,12:46:03 20 Sep 2020,40000
2020,President,polls-plus,9/20/2020,Trump,Biden,"",.000525,.001325,,380,12:46:03 20 Sep 2020,40000
2020,President,polls-plus,9/20/2020,Trump,Biden,"",.000275,.000025,,38,12:46:03 20 Sep 2020,40000
2020,President,polls-plus,9/20/2020,Trump,Biden,"",.000275,.001925,,379,12:46:03 20 Sep 2020,40000
2020,President,polls-plus,9/20/2020,Trump,Biden,"",.00025,.004975,,378,12:46:03 20 Sep 2020,40000
2020,President,polls-plus,9/20/2020,Trump,Biden,"",.0003,.0014,,377,12:46:03 20 Sep 2020,40000
2020,President,polls-plus,9/20/2020,Trump,Biden,"",.000625,.001875,,376,12:46:03 20 Sep 2020,40000
2020,President,polls-plus,9/20/2020,Trump,Biden,"",.00035,.014075,,375,12:46:03 20 Sep 2020,40000
2020,President,polls-plus,9/20/2020,Trump,Biden,"",.000525,.004475,,374,12:46:03 20 Sep 2020,40000
2020,President,polls-plus,9/20/2020,Trump,Biden,"",.00005,.002825,,373,12:46:03 20 Sep 2020,40000
2020,President,polls-plus,9/20/2020,Trump,Biden,"",.0001,.0046,,372,12:46:03 20 Sep 2020,40000
2020,President,polls-plus,9/20/2020,Trump,Biden,"",.000325,.002175,,371,12:46:03 20 Sep 2020,40000
2020,President,polls-plus,9/20/2020,Trump,Biden,"",.000625,.0014,,370,12:46:03 20 Sep 2020,40000
2020,President,polls-plus,9/20/2020,Trump,Biden,"",.000325,0,,37,12:46:03 20 Sep 2020,40000
2020,President,polls-plus,9/20/2020,Trump,Biden,"",.0006,.007075,,369,12:46:03 20 Sep 2020,40000
2020,President,polls-plus,9/20/2020,Trump,Biden,"",.000275,.0068,,368,12:46:03 20 Sep 2020,40000
2020,President,polls-plus,9/20/2020,Trump,Biden,"",.000675,.0016,,367,12:46:03 20 Sep 2020,40000
2020,President,polls-plus,9/20/2020,Trump,Biden,"",.000325,.001275,,366,12:46:03 20 Sep 2020,40000
2020,President,polls-plus,9/20/2020,Trump,Biden,"",.000275,.003525,,365,12:46:03 20 Sep 2020,40000
2020,President,polls-plus,9/20/2020,Trump,Biden,"",.000275,.002425,,364,12:46:03 20 Sep 2020,40000
2020,President,polls-plus,9/20/2020,Trump,Biden,"",.001375,.001925,,363,12:46:03 20 Sep 2020,40000
2020,President,polls-plus,9/20/2020,Trump,Biden,"",.0036,.005975,,362,12:46:03 20 Sep 2020,40000
2020,President,polls-plus,9/20/2020,Trump,Biden,"",.000525,.00215,,361,12:46:03 20 Sep 2020,40000
2020,President,polls-plus,9/20/2020,Trump,Biden,"",.000525,.002275,,360,12:46:03 20 Sep 2020,40000
2020,President,polls-plus,9/20/2020,Trump,Biden,"",.00015,0,,36,12:46:03 20 Sep 2020,40000
2020,President,polls-plus,9/20/2020,Trump,Biden,"",.00035,.014725,,359,12:46:03 20 Sep 2020,40000
2020,President,polls-plus,9/20/2020,Trump,Biden,"",.000825,.0045,,358,12:46:03 20 Sep 2020,40000
2020,President,polls-plus,9/20/2020,Trump,Biden,"",.00135,.003675,,357,12:46:03 20 Sep 2020,40000
2020,President,polls-plus,9/20/2020,Trump,Biden,"",.000675,.0043,,356,12:46:03 20 Sep 2020,40000
2020,President,polls-plus,9/20/2020,Trump,Biden,"",.00205,.001325,,355,12:46:03 20 Sep 2020,40000
2020,President,polls-plus,9/20/2020,Trump,Biden,"",.000225,.00185,,354,12:46:03 20 Sep 2020,40000
2020,President,polls-plus,9/20/2020,Trump,Biden,"",.001125,.01375,,353,12:46:03 20 Sep 2020,40000
2020,President,polls-plus,9/20/2020,Trump,Biden,"",.000475,.008825,,352,12:46:03 20 Sep 2020,40000
2020,President,polls-plus,9/20/2020,Trump,Biden,"",.000575,.00475,,351,12:46:03 20 Sep 2020,40000
2020,President,polls-plus,9/20/2020,Trump,Biden,"",.00295,.005875,,350,12:46:03 20 Sep 2020,40000
2020,President,polls-plus,9/20/2020,Trump,Biden,"",.00045,0,,35,12:46:03 20 Sep 2020,40000
2020,President,polls-plus,9/20/2020,Trump,Biden,"",.003075,.0021,,349,12:46:03 20 Sep 2020,40000
2020,President,polls-plus,9/20/2020,Trump,Biden,"",.0014,.002425,,348,12:46:03 20 Sep 2020,40000
2020,President,polls-plus,9/20/2020,Trump,Biden,"",.001225,.002725,,347,12:46:03 20 Sep 2020,40000
2020,President,polls-plus,9/20/2020,Trump,Biden,"",.0005,.002775,,346,12:46:03 20 Sep 2020,40000
2020,President,polls-plus,9/20/2020,Trump,Biden,"",.00095,.00165,,345,12:46:03 20 Sep 2020,40000
2020,President,polls-plus,9/20/2020,Trump,Biden,"",.003675,.004725,,344,12:46:03 20 Sep 2020,40000
2020,President,polls-plus,9/20/2020,Trump,Biden,"",.0004,.003325,,343,12:46:03 20 Sep 2020,40000
2020,President,polls-plus,9/20/2020,Trump,Biden,"",.0034,.003125,,342,12:46:03 20 Sep 2020,40000
2020,President,polls-plus,9/20/2020,Trump,Biden,"",.000925,.00475,,341,12:46:03 20 Sep 2020,40000
2020,President,polls-plus,9/20/2020,Trump,Biden,"",.0018,.00325,,340,12:46:03 20 Sep 2020,40000
2020,President,polls-plus,9/20/2020,Trump,Biden,"",.00045,0,,34,12:46:03 20 Sep 2020,40000
2020,President,polls-plus,9/20/2020,Trump,Biden,"",.001875,.002125,,339,12:46:03 20 Sep 2020,40000
2020,President,polls-plus,9/20/2020,Trump,Biden,"",.001,.006225,,338,12:46:03 20 Sep 2020,40000
2020,President,polls-plus,9/20/2020,Trump,Biden,"",.00515,.00585,,337,12:46:03 20 Sep 2020,40000
2020,President,polls-plus,9/20/2020,Trump,Biden,"",.00095,.002,,336,12:46:03 20 Sep 2020,40000
2020,President,polls-plus,9/20/2020,Trump,Biden,"",.00515,.010175,,335,12:46:03 20 Sep 2020,40000
2020,President,polls-plus,9/20/2020,Trump,Biden,"",.001375,.01405,,334,12:46:03 20 Sep 2020,40000
2020,President,polls-plus,9/20/2020,Trump,Biden,"",.001675,.005075,,333,12:46:03 20 Sep 2020,40000
2020,President,polls-plus,9/20/2020,Trump,Biden,"",.0016,.001875,,332,12:46:03 20 Sep 2020,40000
2020,President,polls-plus,9/20/2020,Trump,Biden,"",.001825,.0017,,331,12:46:03 20 Sep 2020,40000
2020,President,polls-plus,9/20/2020,Trump,Biden,"",.00105,.003925,,330,12:46:03 20 Sep 2020,40000
2020,President,polls-plus,9/20/2020,Trump,Biden,"",.00015,0,,33,12:46:03 20 Sep 2020,40000
2020,President,polls-plus,9/20/2020,Trump,Biden,"",.00145,.00305,,329,12:46:03 20 Sep 2020,40000
2020,President,polls-plus,9/20/2020,Trump,Biden,"",.0033,.00185,,328,12:46:03 20 Sep 2020,40000
2020,President,polls-plus,9/20/2020,Trump,Biden,"",.00155,.0025,,327,12:46:03 20 Sep 2020,40000
2020,President,polls-plus,9/20/2020,Trump,Biden,"",.004175,.0025,,326,12:46:03 20 Sep 2020,40000
2020,President,polls-plus,9/20/2020,Trump,Biden,"",.002625,.002625,,325,12:46:03 20 Sep 2020,40000
2020,President,polls-plus,9/20/2020,Trump,Biden,"",.00105,.00425,,324,12:46:03 20 Sep 2020,40000
2020,President,polls-plus,9/20/2020,Trump,Biden,"",.00115,.004975,,323,12:46:03 20 Sep 2020,40000
2020,President,polls-plus,9/20/2020,Trump,Biden,"",.002425,.00345,,322,12:46:03 20 Sep 2020,40000
2020,President,polls-plus,9/20/2020,Trump,Biden,"",.002075,.002,,321,12:46:03 20 Sep 2020,40000
2020,President,polls-plus,9/20/2020,Trump,Biden,"",.0017,.006225,,320,12:46:03 20 Sep 2020,40000
2020,President,polls-plus,9/20/2020,Trump,Biden,"",.0005,0,,32,12:46:03 20 Sep 2020,40000
2020,President,polls-plus,9/20/2020,Trump,Biden,"",.002,.019775,,319,12:46:03 20 Sep 2020,40000
2020,President,polls-plus,9/20/2020,Trump,Biden,"",.001775,.00785,,318,12:46:03 20 Sep 2020,40000
2020,President,polls-plus,9/20/2020,Trump,Biden,"",.001525,.0018,,317,12:46:03 20 Sep 2020,40000
2020,President,polls-plus,9/20/2020,Trump,Biden,"",.004125,.002625,,316,12:46:03 20 Sep 2020,40000
2020,President,polls-plus,9/20/2020,Trump,Biden,"",.001675,.00505,,315,12:46:03 20 Sep 2020,40000
2020,President,polls-plus,9/20/2020,Trump,Biden,"",.001125,.004575,,314,12:46:03 20 Sep 2020,40000
2020,President,polls-plus,9/20/2020,Trump,Biden,"",.00105,.00455,,313,12:46:03 20 Sep 2020,40000
2020,President,polls-plus,9/20/2020,Trump,Biden,"",.0037,.0038,,312,12:46:03 20 Sep 2020,40000
2020,President,polls-plus,9/20/2020,Trump,Biden,"",.002375,.00175,,311,12:46:03 20 Sep 2020,40000
2020,President,polls-plus,9/20/2020,Trump,Biden,"",.003725,.0021,,310,12:46:03 20 Sep 2020,40000
2020,President,polls-plus,9/20/2020,Trump,Biden,"",.00025,.000025,,31,12:46:03 20 Sep 2020,40000
2020,President,polls-plus,9/20/2020,Trump,Biden,"",.00325,.004725,,309,12:46:03 20 Sep 2020,40000
2020,President,polls-plus,9/20/2020,Trump,Biden,"",.001075,.006625,,308,12:46:03 20 Sep 2020,40000
2020,President,polls-plus,9/20/2020,Trump,Biden,"",.0008,.003075,,307,12:46:03 20 Sep 2020,40000
2020,President,polls-plus,9/20/2020,Trump,Biden,"",.0028,.00345,,306,12:46:03 20 Sep 2020,40000
2020,President,polls-plus,9/20/2020,Trump,Biden,"",.002325,.0047,,305,12:46:03 20 Sep 2020,40000
2020,President,polls-plus,9/20/2020,Trump,Biden,"",.00235,.00375,,304,12:46:03 20 Sep 2020,40000
2020,President,polls-plus,9/20/2020,Trump,Biden,"",.0016,.0023,,303,12:46:03 20 Sep 2020,40000
2020,President,polls-plus,9/20/2020,Trump,Biden,"",.002225,.001775,,302,12:46:03 20 Sep 2020,40000
2020,President,polls-plus,9/20/2020,Trump,Biden,"",.0023,.002,,301,12:46:03 20 Sep 2020,40000
2020,President,polls-plus,9/20/2020,Trump,Biden,"",.005725,.001775,,300,12:46:03 20 Sep 2020,40000
2020,President,polls-plus,9/20/2020,Trump,Biden,"",.0002,0,,30,12:46:03 20 Sep 2020,40000
2020,President,polls-plus,9/20/2020,Trump,Biden,"",.000025,0,,3,12:46:03 20 Sep 2020,40000
2020,President,polls-plus,9/20/2020,Trump,Biden,"",.002875,.0022,,299,12:46:03 20 Sep 2020,40000
2020,President,polls-plus,9/20/2020,Trump,Biden,"",.001175,.004475,,298,12:46:03 20 Sep 2020,40000
2020,President,polls-plus,9/20/2020,Trump,Biden,"",.0009,.00305,,297,12:46:03 20 Sep 2020,40000
2020,President,polls-plus,9/20/2020,Trump,Biden,"",.004275,.00165,,296,12:46:03 20 Sep 2020,40000
2020,President,polls-plus,9/20/2020,Trump,Biden,"",.003775,.004125,,295,12:46:03 20 Sep 2020,40000
2020,President,polls-plus,9/20/2020,Trump,Biden,"",.004875,.007375,,294,12:46:03 20 Sep 2020,40000
2020,President,polls-plus,9/20/2020,Trump,Biden,"",.002175,.004125,,293,12:46:03 20 Sep 2020,40000
2020,President,polls-plus,9/20/2020,Trump,Biden,"",.001675,.002,,292,12:46:03 20 Sep 2020,40000
2020,President,polls-plus,9/20/2020,Trump,Biden,"",.00155,.006275,,291,12:46:03 20 Sep 2020,40000
2020,President,polls-plus,9/20/2020,Trump,Biden,"",.0049,.0144,,290,12:46:03 20 Sep 2020,40000
2020,President,polls-plus,9/20/2020,Trump,Biden,"",.0002,0,,29,12:46:03 20 Sep 2020,40000
2020,President,polls-plus,9/20/2020,Trump,Biden,"",.0037,.0088,,289,12:46:03 20 Sep 2020,40000
2020,President,polls-plus,9/20/2020,Trump,Biden,"",.001,.002625,,288,12:46:03 20 Sep 2020,40000
2020,President,polls-plus,9/20/2020,Trump,Biden,"",.000625,.001525,,287,12:46:03 20 Sep 2020,40000
2020,President,polls-plus,9/20/2020,Trump,Biden,"",.003925,.00365,,286,12:46:03 20 Sep 2020,40000
2020,President,polls-plus,9/20/2020,Trump,Biden,"",.00465,.00505,,285,12:46:03 20 Sep 2020,40000
2020,President,polls-plus,9/20/2020,Trump,Biden,"",.005075,.003225,,284,12:46:03 20 Sep 2020,40000
2020,President,polls-plus,9/20/2020,Trump,Biden,"",.004625,.00285,,283,12:46:03 20 Sep 2020,40000
2020,President,polls-plus,9/20/2020,Trump,Biden,"",.002125,.001925,,282,12:46:03 20 Sep 2020,40000
2020,President,polls-plus,9/20/2020,Trump,Biden,"",.00175,.00165,,281,12:46:03 20 Sep 2020,40000
2020,President,polls-plus,9/20/2020,Trump,Biden,"",.005325,.005725,,280,12:46:03 20 Sep 2020,40000
2020,President,polls-plus,9/20/2020,Trump,Biden,"",.000175,0,,28,12:46:03 20 Sep 2020,40000
2020,President,polls-plus,9/20/2020,Trump,Biden,"",.005875,.012775,,279,12:46:03 20 Sep 2020,40000
2020,President,polls-plus,9/20/2020,Trump,Biden,"",.001475,.007275,,278,12:46:03 20 Sep 2020,40000
2020,President,polls-plus,9/20/2020,Trump,Biden,"",.001225,.00145,,277,12:46:03 20 Sep 2020,40000
2020,President,polls-plus,9/20/2020,Trump,Biden,"",.002275,.0017,,276,12:46:03 20 Sep 2020,40000
2020,President,polls-plus,9/20/2020,Trump,Biden,"",.0034,.002925,,275,12:46:03 20 Sep 2020,40000
2020,President,polls-plus,9/20/2020,Trump,Biden,"",.00285,.00495,,274,12:46:03 20 Sep 2020,40000
2020,President,polls-plus,9/20/2020,Trump,Biden,"",.005075,.00635,,273,12:46:03 20 Sep 2020,40000
2020,President,polls-plus,9/20/2020,Trump,Biden,"",.002525,.0039,,272,12:46:03 20 Sep 2020,40000
2020,President,polls-plus,9/20/2020,Trump,Biden,"",.00115,.00145,,271,12:46:03 20 Sep 2020,40000
2020,President,polls-plus,9/20/2020,Trump,Biden,"",.00385,.003425,,270,12:46:03 20 Sep 2020,40000
2020,President,polls-plus,9/20/2020,Trump,Biden,"",.00015,0,,27,12:46:03 20 Sep 2020,40000
2020,President,polls-plus,9/20/2020,Trump,Biden,"",.005225,.005225,,269,12:46:03 20 Sep 2020,40000
2020,President,polls-plus,9/20/2020,Trump,Biden,"",.003425,.00385,,268,12:46:03 20 Sep 2020,40000
2020,President,polls-plus,9/20/2020,Trump,Biden,"",.00145,.00115,,267,12:46:03 20 Sep 2020,40000
2020,President,polls-plus,9/20/2020,Trump,Biden,"",.0039,.002525,,266,12:46:03 20 Sep 2020,40000
2020,President,polls-plus,9/20/2020,Trump,Biden,"",.00635,.005075,,265,12:46:03 20 Sep 2020,40000
2020,President,polls-plus,9/20/2020,Trump,Biden,"",.00495,.00285,,264,12:46:03 20 Sep 2020,40000
2020,President,polls-plus,9/20/2020,Trump,Biden,"",.002925,.0034,,263,12:46:03 20 Sep 2020,40000
2020,President,polls-plus,9/20/2020,Trump,Biden,"",.0017,.002275,,262,12:46:03 20 Sep 2020,40000
2020,President,polls-plus,9/20/2020,Trump,Biden,"",.00145,.001225,,261,12:46:03 20 Sep 2020,40000
2020,President,polls-plus,9/20/2020,Trump,Biden,"",.007275,.001475,,260,12:46:03 20 Sep 2020,40000
2020,President,polls-plus,9/20/2020,Trump,Biden,"",.000275,0,,26,12:46:03 20 Sep 2020,40000
2020,President,polls-plus,9/20/2020,Trump,Biden,"",.012775,.005875,,259,12:46:03 20 Sep 2020,40000
2020,President,polls-plus,9/20/2020,Trump,Biden,"",.005725,.005325,,258,12:46:03 20 Sep 2020,40000
2020,President,polls-plus,9/20/2020,Trump,Biden,"",.00165,.00175,,257,12:46:03 20 Sep 2020,40000
2020,President,polls-plus,9/20/2020,Trump,Biden,"",.001925,.002125,,256,12:46:03 20 Sep 2020,40000
2020,President,polls-plus,9/20/2020,Trump,Biden,"",.00285,.004625,,255,12:46:03 20 Sep 2020,40000
2020,President,polls-plus,9/20/2020,Trump,Biden,"",.003225,.005075,,254,12:46:03 20 Sep 2020,40000
2020,President,polls-plus,9/20/2020,Trump,Biden,"",.00505,.00465,,253,12:46:03 20 Sep 2020,40000
2020,President,polls-plus,9/20/2020,Trump,Biden,"",.00365,.003925,,252,12:46:03 20 Sep 2020,40000
2020,President,polls-plus,9/20/2020,Trump,Biden,"",.001525,.000625,,251,12:46:03 20 Sep 2020,40000
2020,President,polls-plus,9/20/2020,Trump,Biden,"",.002625,.001,,250,12:46:03 20 Sep 2020,40000
2020,President,polls-plus,9/20/2020,Trump,Biden,"",.000225,0,,25,12:46:03 20 Sep 2020,40000
2020,President,polls-plus,9/20/2020,Trump,Biden,"",.0088,.0037,,249,12:46:03 20 Sep 2020,40000
2020,President,polls-plus,9/20/2020,Trump,Biden,"",.0144,.0049,,248,12:46:03 20 Sep 2020,40000
2020,President,polls-plus,9/20/2020,Trump,Biden,"",.006275,.00155,,247,12:46:03 20 Sep 2020,40000
2020,President,polls-plus,9/20/2020,Trump,Biden,"",.002,.001675,,246,12:46:03 20 Sep 2020,40000
2020,President,polls-plus,9/20/2020,Trump,Biden,"",.004125,.002175,,245,12:46:03 20 Sep 2020,40000
2020,President,polls-plus,9/20/2020,Trump,Biden,"",.007375,.004875,,244,12:46:03 20 Sep 2020,40000
2020,President,polls-plus,9/20/2020,Trump,Biden,"",.004125,.003775,,243,12:46:03 20 Sep 2020,40000
2020,President,polls-plus,9/20/2020,Trump,Biden,"",.00165,.004275,,242,12:46:03 20 Sep 2020,40000
2020,President,polls-plus,9/20/2020,Trump,Biden,"",.00305,.0009,,241,12:46:03 20 Sep 2020,40000
2020,President,polls-plus,9/20/2020,Trump,Biden,"",.004475,.001175,,240,12:46:03 20 Sep 2020,40000
2020,President,polls-plus,9/20/2020,Trump,Biden,"",.000175,0,,24,12:46:03 20 Sep 2020,40000
2020,President,polls-plus,9/20/2020,Trump,Biden,"",.0022,.002875,,239,12:46:03 20 Sep 2020,40000
2020,President,polls-plus,9/20/2020,Trump,Biden,"",.001775,.005725,,238,12:46:03 20 Sep 2020,40000
2020,President,polls-plus,9/20/2020,Trump,Biden,"",.002,.0023,,237,12:46:03 20 Sep 2020,40000
2020,President,polls-plus,9/20/2020,Trump,Biden,"",.001775,.002225,,236,12:46:03 20 Sep 2020,40000
2020,President,polls-plus,9/20/2020,Trump,Biden,"",.0023,.0016,,235,12:46:03 20 Sep 2020,40000
2020,President,polls-plus,9/20/2020,Trump,Biden,"",.00375,.00235,,234,12:46:03 20 Sep 2020,40000
2020,President,polls-plus,9/20/2020,Trump,Biden,"",.0047,.002325,,233,12:46:03 20 Sep 2020,40000
2020,President,polls-plus,9/20/2020,Trump,Biden,"",.00345,.0028,,232,12:46:03 20 Sep 2020,40000
2020,President,polls-plus,9/20/2020,Trump,Biden,"",.003075,.0008,,231,12:46:03 20 Sep 2020,40000
2020,President,polls-plus,9/20/2020,Trump,Biden,"",.006625,.001075,,230,12:46:03 20 Sep 2020,40000
2020,President,polls-plus,9/20/2020,Trump,Biden,"",.000175,0,,23,12:46:03 20 Sep 2020,40000
2020,President,polls-plus,9/20/2020,Trump,Biden,"",.004725,.00325,,229,12:46:03 20 Sep 2020,40000
2020,President,polls-plus,9/20/2020,Trump,Biden,"",.0021,.003725,,228,12:46:03 20 Sep 2020,40000
2020,President,polls-plus,9/20/2020,Trump,Biden,"",.00175,.002375,,227,12:46:03 20 Sep 2020,40000
2020,President,polls-plus,9/20/2020,Trump,Biden,"",.0038,.0037,,226,12:46:03 20 Sep 2020,40000
2020,President,polls-plus,9/20/2020,Trump,Biden,"",.00455,.00105,,225,12:46:03 20 Sep 2020,40000
2020,President,polls-plus,9/20/2020,Trump,Biden,"",.004575,.001125,,224,12:46:03 20 Sep 2020,40000
2020,President,polls-plus,9/20/2020,Trump,Biden,"",.00505,.001675,,223,12:46:03 20 Sep 2020,40000
2020,President,polls-plus,9/20/2020,Trump,Biden,"",.002625,.004125,,222,12:46:03 20 Sep 2020,40000
2020,President,polls-plus,9/20/2020,Trump,Biden,"",.0018,.001525,,221,12:46:03 20 Sep 2020,40000
2020,President,polls-plus,9/20/2020,Trump,Biden,"",.00785,.001775,,220,12:46:03 20 Sep 2020,40000
2020,President,polls-plus,9/20/2020,Trump,Biden,"",.000325,0,,22,12:46:03 20 Sep 2020,40000
2020,President,polls-plus,9/20/2020,Trump,Biden,"",.019775,.002,,219,12:46:03 20 Sep 2020,40000
2020,President,polls-plus,9/20/2020,Trump,Biden,"",.006225,.0017,,218,12:46:03 20 Sep 2020,40000
2020,President,polls-plus,9/20/2020,Trump,Biden,"",.002,.002075,,217,12:46:03 20 Sep 2020,40000
2020,President,polls-plus,9/20/2020,Trump,Biden,"",.00345,.002425,,216,12:46:03 20 Sep 2020,40000
2020,President,polls-plus,9/20/2020,Trump,Biden,"",.004975,.00115,,215,12:46:03 20 Sep 2020,40000
2020,President,polls-plus,9/20/2020,Trump,Biden,"",.00425,.00105,,214,12:46:03 20 Sep 2020,40000
2020,President,polls-plus,9/20/2020,Trump,Biden,"",.002625,.002625,,213,12:46:03 20 Sep 2020,40000
2020,President,polls-plus,9/20/2020,Trump,Biden,"",.0025,.004175,,212,12:46:03 20 Sep 2020,40000
2020,President,polls-plus,9/20/2020,Trump,Biden,"",.0025,.00155,,211,12:46:03 20 Sep 2020,40000
2020,President,polls-plus,9/20/2020,Trump,Biden,"",.00185,.0033,,210,12:46:03 20 Sep 2020,40000
2020,President,polls-plus,9/20/2020,Trump,Biden,"",.000075,0,,21,12:46:03 20 Sep 2020,40000
2020,President,polls-plus,9/20/2020,Trump,Biden,"",.00305,.00145,,209,12:46:03 20 Sep 2020,40000
2020,President,polls-plus,9/20/2020,Trump,Biden,"",.003925,.00105,,208,12:46:03 20 Sep 2020,40000
2020,President,polls-plus,9/20/2020,Trump,Biden,"",.0017,.001825,,207,12:46:03 20 Sep 2020,40000
2020,President,polls-plus,9/20/2020,Trump,Biden,"",.001875,.0016,,206,12:46:03 20 Sep 2020,40000
2020,President,polls-plus,9/20/2020,Trump,Biden,"",.005075,.001675,,205,12:46:03 20 Sep 2020,40000
2020,President,polls-plus,9/20/2020,Trump,Biden,"",.01405,.001375,,204,12:46:03 20 Sep 2020,40000
2020,President,polls-plus,9/20/2020,Trump,Biden,"",.010175,.00515,,203,12:46:03 20 Sep 2020,40000
2020,President,polls-plus,9/20/2020,Trump,Biden,"",.002,.00095,,202,12:46:03 20 Sep 2020,40000
2020,President,polls-plus,9/20/2020,Trump,Biden,"",.00585,.00515,,201,12:46:03 20 Sep 2020,40000
2020,President,polls-plus,9/20/2020,Trump,Biden,"",.006225,.001,,200,12:46:03 20 Sep 2020,40000
2020,President,polls-plus,9/20/2020,Trump,Biden,"",.0003,0,,20,12:46:03 20 Sep 2020,40000
2020,President,polls-plus,9/20/2020,Trump,Biden,"",0,0,,2,12:46:03 20 Sep 2020,40000
2020,President,polls-plus,9/20/2020,Trump,Biden,"",.002125,.001875,,199,12:46:03 20 Sep 2020,40000
2020,President,polls-plus,9/20/2020,Trump,Biden,"",.00325,.0018,,198,12:46:03 20 Sep 2020,40000
2020,President,polls-plus,9/20/2020,Trump,Biden,"",.00475,.000925,,197,12:46:03 20 Sep 2020,40000
2020,President,polls-plus,9/20/2020,Trump,Biden,"",.003125,.0034,,196,12:46:03 20 Sep 2020,40000
2020,President,polls-plus,9/20/2020,Trump,Biden,"",.003325,.0004,,195,12:46:03 20 Sep 2020,40000
2020,President,polls-plus,9/20/2020,Trump,Biden,"",.004725,.003675,,194,12:46:03 20 Sep 2020,40000
2020,President,polls-plus,9/20/2020,Trump,Biden,"",.00165,.00095,,193,12:46:03 20 Sep 2020,40000
2020,President,polls-plus,9/20/2020,Trump,Biden,"",.002775,.0005,,192,12:46:03 20 Sep 2020,40000
2020,President,polls-plus,9/20/2020,Trump,Biden,"",.002725,.001225,,191,12:46:03 20 Sep 2020,40000
2020,President,polls-plus,9/20/2020,Trump,Biden,"",.002425,.0014,,190,12:46:03 20 Sep 2020,40000
2020,President,polls-plus,9/20/2020,Trump,Biden,"",.0001,0,,19,12:46:03 20 Sep 2020,40000
2020,President,polls-plus,9/20/2020,Trump,Biden,"",.0021,.003075,,189,12:46:03 20 Sep 2020,40000
2020,President,polls-plus,9/20/2020,Trump,Biden,"",.005875,.00295,,188,12:46:03 20 Sep 2020,40000
2020,President,polls-plus,9/20/2020,Trump,Biden,"",.00475,.000575,,187,12:46:03 20 Sep 2020,40000
2020,President,polls-plus,9/20/2020,Trump,Biden,"",.008825,.000475,,186,12:46:03 20 Sep 2020,40000
2020,President,polls-plus,9/20/2020,Trump,Biden,"",.01375,.001125,,185,12:46:03 20 Sep 2020,40000
2020,President,polls-plus,9/20/2020,Trump,Biden,"",.00185,.000225,,184,12:46:03 20 Sep 2020,40000
2020,President,polls-plus,9/20/2020,Trump,Biden,"",.001325,.00205,,183,12:46:03 20 Sep 2020,40000
2020,President,polls-plus,9/20/2020,Trump,Biden,"",.0043,.000675,,182,12:46:03 20 Sep 2020,40000
2020,President,polls-plus,9/20/2020,Trump,Biden,"",.003675,.00135,,181,12:46:03 20 Sep 2020,40000
2020,President,polls-plus,9/20/2020,Trump,Biden,"",.0045,.000825,,180,12:46:03 20 Sep 2020,40000
2020,President,polls-plus,9/20/2020,Trump,Biden,"",.00005,.000025,,18,12:46:03 20 Sep 2020,40000
2020,President,polls-plus,9/20/2020,Trump,Biden,"",.014725,.00035,,179,12:46:03 20 Sep 2020,40000
2020,President,polls-plus,9/20/2020,Trump,Biden,"",.002275,.000525,,178,12:46:03 20 Sep 2020,40000
2020,President,polls-plus,9/20/2020,Trump,Biden,"",.00215,.000525,,177,12:46:03 20 Sep 2020,40000
2020,President,polls-plus,9/20/2020,Trump,Biden,"",.005975,.0036,,176,12:46:03 20 Sep 2020,40000
2020,President,polls-plus,9/20/2020,Trump,Biden,"",.001925,.001375,,175,12:46:03 20 Sep 2020,40000
2020,President,polls-plus,9/20/2020,Trump,Biden,"",.002425,.000275,,174,12:46:03 20 Sep 2020,40000
2020,President,polls-plus,9/20/2020,Trump,Biden,"",.003525,.000275,,173,12:46:03 20 Sep 2020,40000
2020,President,polls-plus,9/20/2020,Trump,Biden,"",.001275,.000325,,172,12:46:03 20 Sep 2020,40000
2020,President,polls-plus,9/20/2020,Trump,Biden,"",.0016,.000675,,171,12:46:03 20 Sep 2020,40000
2020,President,polls-plus,9/20/2020,Trump,Biden,"",.0068,.000275,,170,12:46:03 20 Sep 2020,40000
2020,President,polls-plus,9/20/2020,Trump,Biden,"",.000225,0,,17,12:46:03 20 Sep 2020,40000
2020,President,polls-plus,9/20/2020,Trump,Biden,"",.007075,.0006,,169,12:46:03 20 Sep 2020,40000
2020,President,polls-plus,9/20/2020,Trump,Biden,"",.0014,.000625,,168,12:46:03 20 Sep 2020,40000
2020,President,polls-plus,9/20/2020,Trump,Biden,"",.002175,.000325,,167,12:46:03 20 Sep 2020,40000
2020,President,polls-plus,9/20/2020,Trump,Biden,"",.0046,.0001,,166,12:46:03 20 Sep 2020,40000
2020,President,polls-plus,9/20/2020,Trump,Biden,"",.002825,.00005,,165,12:46:03 20 Sep 2020,40000
2020,President,polls-plus,9/20/2020,Trump,Biden,"",.004475,.000525,,164,12:46:03 20 Sep 2020,40000
2020,President,polls-plus,9/20/2020,Trump,Biden,"",.014075,.00035,,163,12:46:03 20 Sep 2020,40000
2020,President,polls-plus,9/20/2020,Trump,Biden,"",.001875,.000625,,162,12:46:03 20 Sep 2020,40000
2020,President,polls-plus,9/20/2020,Trump,Biden,"",.0014,.0003,,161,12:46:03 20 Sep 2020,40000
2020,President,polls-plus,9/20/2020,Trump,Biden,"",.004975,.00025,,160,12:46:03 20 Sep 2020,40000
2020,President,polls-plus,9/20/2020,Trump,Biden,"",.00025,0,,16,12:46:03 20 Sep 2020,40000
2020,President,polls-plus,9/20/2020,Trump,Biden,"",.001925,.000275,,159,12:46:03 20 Sep 2020,40000
2020,President,polls-plus,9/20/2020,Trump,Biden,"",.001325,.000525,,158,12:46:03 20 Sep 2020,40000
2020,President,polls-plus,9/20/2020,Trump,Biden,"",.003675,.000225,,157,12:46:03 20 Sep 2020,40000
2020,President,polls-plus,9/20/2020,Trump,Biden,"",.00205,.00015,,156,12:46:03 20 Sep 2020,40000
2020,President,polls-plus,9/20/2020,Trump,Biden,"",.0011,.0005,,155,12:46:03 20 Sep 2020,40000
2020,President,polls-plus,9/20/2020,Trump,Biden,"",.002575,.000425,,154,12:46:03 20 Sep 2020,40000
2020,President,polls-plus,9/20/2020,Trump,Biden,"",.001175,.00005,,153,12:46:03 20 Sep 2020,40000
2020,President,polls-plus,9/20/2020,Trump,Biden,"",.0011,.0001,,152,12:46:03 20 Sep 2020,40000
2020,President,polls-plus,9/20/2020,Trump,Biden,"",.00235,.000125,,151,12:46:03 20 Sep 2020,40000
2020,President,polls-plus,9/20/2020,Trump,Biden,"",.005425,.00035,,150,12:46:03 20 Sep 2020,40000
2020,President,polls-plus,9/20/2020,Trump,Biden,"",.0001,0,,15,12:46:03 20 Sep 2020,40000
2020,President,polls-plus,9/20/2020,Trump,Biden,"",.002625,.000075,,149,12:46:03 20 Sep 2020,40000
2020,President,polls-plus,9/20/2020,Trump,Biden,"",.004325,.00005,,148,12:46:03 20 Sep 2020,40000
2020,President,polls-plus,9/20/2020,Trump,Biden,"",.00565,.00015,,147,12:46:03 20 Sep 2020,40000
2020,President,polls-plus,9/20/2020,Trump,Biden,"",.0014,.00005,,146,12:46:03 20 Sep 2020,40000
2020,President,polls-plus,9/20/2020,Trump,Biden,"",.00135,.00005,,145,12:46:03 20 Sep 2020,40000
2020,President,polls-plus,9/20/2020,Trump,Biden,"",.003075,.0001,,144,12:46:03 20 Sep 2020,40000
2020,President,polls-plus,9/20/2020,Trump,Biden,"",.001625,.000075,,143,12:46:03 20 Sep 2020,40000
2020,President,polls-plus,9/20/2020,Trump,Biden,"",.00275,.00005,,142,12:46:03 20 Sep 2020,40000
2020,President,polls-plus,9/20/2020,Trump,Biden,"",.009775,.0001,,141,12:46:03 20 Sep 2020,40000
2020,President,polls-plus,9/20/2020,Trump,Biden,"",.001625,.000125,,140,12:46:03 20 Sep 2020,40000
2020,President,polls-plus,9/20/2020,Trump,Biden,"",.00015,0,,14,12:46:03 20 Sep 2020,40000
2020,President,polls-plus,9/20/2020,Trump,Biden,"",.001275,.00005,,139,12:46:03 20 Sep 2020,40000
2020,President,polls-plus,9/20/2020,Trump,Biden,"",.005325,.000075,,138,12:46:03 20 Sep 2020,40000
2020,President,polls-plus,9/20/2020,Trump,Biden,"",.00155,.00005,,137,12:46:03 20 Sep 2020,40000
2020,President,polls-plus,9/20/2020,Trump,Biden,"",.001475,.00005,,136,12:46:03 20 Sep 2020,40000
2020,President,polls-plus,9/20/2020,Trump,Biden,"",.003575,.0002,,135,12:46:03 20 Sep 2020,40000
2020,President,polls-plus,9/20/2020,Trump,Biden,"",.001325,.000075,,134,12:46:03 20 Sep 2020,40000
2020,President,polls-plus,9/20/2020,Trump,Biden,"",.0011,0,,133,12:46:03 20 Sep 2020,40000
2020,President,polls-plus,9/20/2020,Trump,Biden,"",.007375,0,,132,12:46:03 20 Sep 2020,40000
2020,President,polls-plus,9/20/2020,Trump,Biden,"",.007525,.0001,,131,12:46:03 20 Sep 2020,40000
2020,President,polls-plus,9/20/2020,Trump,Biden,"",.00085,.000075,,130,12:46:03 20 Sep 2020,40000
2020,President,polls-plus,9/20/2020,Trump,Biden,"",.0001,0,,13,12:46:03 20 Sep 2020,40000
2020,President,polls-plus,9/20/2020,Trump,Biden,"",.0027,0,,129,12:46:03 20 Sep 2020,40000
2020,President,polls-plus,9/20/2020,Trump,Biden,"",.00285,.000075,,128,12:46:03 20 Sep 2020,40000
2020,President,polls-plus,9/20/2020,Trump,Biden,"",.00115,.000075,,127,12:46:03 20 Sep 2020,40000
2020,President,polls-plus,9/20/2020,Trump,Biden,"",.00855,.00005,,126,12:46:03 20 Sep 2020,40000
2020,President,polls-plus,9/20/2020,Trump,Biden,"",.028625,.000075,,125,12:46:03 20 Sep 2020,40000
2020,President,polls-plus,9/20/2020,Trump,Biden,"",.00175,.000025,,124,12:46:03 20 Sep 2020,40000
2020,President,polls-plus,9/20/2020,Trump,Biden,"",.002925,.000025,,123,12:46:03 20 Sep 2020,40000
2020,President,polls-plus,9/20/2020,Trump,Biden,"",.016075,.00005,,122,12:46:03 20 Sep 2020,40000
2020,President,polls-plus,9/20/2020,Trump,Biden,"",.001925,0,,121,12:46:03 20 Sep 2020,40000
2020,President,polls-plus,9/20/2020,Trump,Biden,"",.00175,0,,120,12:46:03 20 Sep 2020,40000
2020,President,polls-plus,9/20/2020,Trump,Biden,"",.00005,0,,12,12:46:03 20 Sep 2020,40000
2020,President,polls-plus,9/20/2020,Trump,Biden,"",.008675,.000075,,119,12:46:03 20 Sep 2020,40000
2020,President,polls-plus,9/20/2020,Trump,Biden,"",.001475,.000025,,118,12:46:03 20 Sep 2020,40000
2020,President,polls-plus,9/20/2020,Trump,Biden,"",.00295,.000025,,117,12:46:03 20 Sep 2020,40000
2020,President,polls-plus,9/20/2020,Trump,Biden,"",.0074,0,,116,12:46:03 20 Sep 2020,40000
2020,President,polls-plus,9/20/2020,Trump,Biden,"",.0032,.000075,,115,12:46:03 20 Sep 2020,40000
2020,President,polls-plus,9/20/2020,Trump,Biden,"",.0012,.000025,,114,12:46:03 20 Sep 2020,40000
2020,President,polls-plus,9/20/2020,Trump,Biden,"",.005625,0,,113,12:46:03 20 Sep 2020,40000
2020,President,polls-plus,9/20/2020,Trump,Biden,"",.004475,.00005,,112,12:46:03 20 Sep 2020,40000
2020,President,polls-plus,9/20/2020,Trump,Biden,"",.0022,.000025,,111,12:46:03 20 Sep 2020,40000
2020,President,polls-plus,9/20/2020,Trump,Biden,"",.00425,0,,110,12:46:03 20 Sep 2020,40000
2020,President,polls-plus,9/20/2020,Trump,Biden,"",.000125,0,,11,12:46:03 20 Sep 2020,40000
2020,President,polls-plus,9/20/2020,Trump,Biden,"",.003425,0,,109,12:46:03 20 Sep 2020,40000
2020,President,polls-plus,9/20/2020,Trump,Biden,"",.001975,.000025,,108,12:46:03 20 Sep 2020,40000
2020,President,polls-plus,9/20/2020,Trump,Biden,"",.002925,.00005,,107,12:46:03 20 Sep 2020,40000
2020,President,polls-plus,9/20/2020,Trump,Biden,"",.003125,.00005,,106,12:46:03 20 Sep 2020,40000
2020,President,polls-plus,9/20/2020,Trump,Biden,"",.001125,.00005,,105,12:46:03 20 Sep 2020,40000
2020,President,polls-plus,9/20/2020,Trump,Biden,"",.00245,0,,104,12:46:03 20 Sep 2020,40000
2020,President,polls-plus,9/20/2020,Trump,Biden,"",.005225,.000025,,103,12:46:03 20 Sep 2020,40000
2020,President,polls-plus,9/20/2020,Trump,Biden,"",.003175,0,,102,12:46:03 20 Sep 2020,40000
2020,President,polls-plus,9/20/2020,Trump,Biden,"",.001425,0,,101,12:46:03 20 Sep 2020,40000
2020,President,polls-plus,9/20/2020,Trump,Biden,"",.00315,.000025,,100,12:46:03 20 Sep 2020,40000
2020,President,polls-plus,9/20/2020,Trump,Biden,"",.000075,0,,10,12:46:03 20 Sep 2020,40000
2020,President,polls-plus,9/20/2020,Trump,Biden,"",.000275,0,,1,12:46:03 20 Sep 2020,40000
2020,President,polls-plus,9/20/2020,Trump,Biden,"",.000075,0,,0,12:46:03 20 Sep 2020,40000
